{"IUPAC_symbol": "TPRT-7", "_algorithms": [{"explicit_optimized_permutations": [[0, 1, 2, 3, 4, 5, 6]], "@module": "pymatgen.analysis.chemenv.coordination_environments.coordination_geometries", "plane_points": [0, 1, 2], "point_groups_permutations": null, "mirror_plane": false, "ordered_point_groups": [false, true], "ordered_plane": true, "other_plane_points": [], "multiplicity": 1, "point_groups": [[6], [3, 4, 5]], "@class": "SeparationPlane", "minimum_number_of_points": 3, "explicit_permutations": [[0, 1, 2, 3, 4, 5, 6], [0, 1, 2, 3, 4, 6, 5], [0, 1, 2, 3, 5, 4, 6], [0, 1, 2, 3, 5, 6, 4], [0, 1, 2, 3, 6, 4, 5], [0, 1, 2, 3, 6, 5, 4]]}, {"explicit_optimized_permutations": [[1, 0, 4, 3, 2, 6, 5], [1, 0, 3, 4, 2, 5, 6], [0, 1, 2, 4, 3, 5, 6], [1, 0, 2, 3, 4, 6, 5], [1, 0, 4, 2, 3, 6, 5], [0, 1, 4, 2, 3, 5, 6], [1, 0, 2, 3, 4, 5, 6], [0, 1, 3, 2, 4, 6, 5], [1, 0, 2, 4, 3, 6, 5], [1, 0, 4, 2, 3, 5, 6], [0, 1, 2, 3, 4, 5, 6], [1, 0, 2, 4, 3, 5, 6], [0, 1, 4, 3, 2, 6, 5], [0, 1, 3, 4, 2, 6, 5], [1, 0, 4, 3, 2, 5, 6], [0, 1, 4, 3, 2, 5, 6], [1, 0, 3, 2, 4, 6, 5], [1, 0, 3, 2, 4, 5, 6], [0, 1, 4, 2, 3, 6, 5], [0, 1, 2, 4, 3, 6, 5], [0, 1, 3, 2, 4, 5, 6], [0, 1, 2, 3, 4, 6, 5], [1, 0, 3, 4, 2, 6, 5], [0, 1, 3, 4, 2, 5, 6]], "@module": "pymatgen.analysis.chemenv.coordination_environments.coordination_geometries", "plane_points": [0, 6, 3], "point_groups_permutations": null, "mirror_plane": true, "ordered_point_groups": [false, false], "ordered_plane": true, "other_plane_points": [[1, 6, 4], [2, 6, 5]], "multiplicity": 3, "point_groups": [[1, 4], [2, 5]], "@class": "SeparationPlane", "minimum_number_of_points": 2, "explicit_permutations": [[0, 1, 2, 3, 4, 5, 6], [0, 1, 2, 3, 4, 6, 5], [0, 1, 2, 4, 3, 5, 6], [0, 1, 2, 4, 3, 6, 5], [0, 1, 3, 2, 4, 5, 6], [0, 1, 3, 2, 4, 6, 5], [0, 1, 3, 4, 2, 5, 6], [0, 1, 3, 4, 2, 6, 5], [0, 1, 4, 2, 3, 5, 6], [0, 1, 4, 2, 3, 6, 5], [0, 1, 4, 3, 2, 5, 6], [0, 1, 4, 3, 2, 6, 5], [1, 0, 2, 3, 4, 5, 6], [1, 0, 2, 3, 4, 6, 5], [1, 0, 2, 4, 3, 5, 6], [1, 0, 2, 4, 3, 6, 5], [1, 0, 3, 2, 4, 5, 6], [1, 0, 3, 2, 4, 6, 5], [1, 0, 3, 4, 2, 5, 6], [1, 0, 3, 4, 2, 6, 5], [1, 0, 4, 2, 3, 5, 6], [1, 0, 4, 2, 3, 6, 5], [1, 0, 4, 3, 2, 5, 6], [1, 0, 4, 3, 2, 6, 5]]}], "mp_symbol": "ET:7", "coordination": 7, "_faces": [[3, 4, 5], [0, 1, 4, 3], [0, 2, 5, 3], [1, 2, 5, 4], [0, 1, 6], [1, 2, 6], [2, 0, 6]], "IUCr_symbol": null, "solid_angles": [1.8141823733, 1.8141823733, 1.8141823733, 2.09439510239, 2.09439510239, 2.09439510239, 0.840638187281], "name": "End-trigonal-face capped trigonal prism", "deactivate": false, "central_site": [0.0, 0.0, 0.0], "_edges": [[0, 1], [1, 2], [2, 0], [3, 4], [4, 5], [5, 3], [0, 3], [1, 4], [2, 5], [0, 6], [1, 6], [2, 6]], "points": [[-0.6546536707079771, -0.37796447300922725, 0.6546536707079771], [0.6546536707079771, -0.37796447300922725, 0.6546536707079771], [0.0, 0.7559289460184545, 0.6546536707079771], [-0.6546536707079771, -0.37796447300922725, -0.6546536707079771], [0.6546536707079771, -0.37796447300922725, -0.6546536707079771], [0.0, 0.7559289460184545, -0.6546536707079771], [0.0, 0.0, 1.0]], "alternative_names": ["Augmented triangular prism"], "equivalent_indices": [[0, 1, 2, 3, 4, 5, 6], [0, 2, 1, 3, 5, 4, 6], [1, 0, 2, 4, 3, 5, 6], [1, 2, 0, 4, 5, 3, 6], [2, 0, 1, 5, 3, 4, 6], [2, 1, 0, 5, 4, 3, 6]], "neighbors_sets_hints": [{"hints_type": "single_cap", "options": {"csm_max": 10.0, "cap_index": 6}}]}