{"IUPAC_symbol": "OC-6", "_algorithms": [{"explicit_optimized_permutations": [[0, 1, 2, 3, 4, 5]], "@module": "pymatgen.analysis.chemenv.coordination_environments.coordination_geometries", "plane_points": [0, 2, 1, 3], "point_groups_permutations": null, "mirror_plane": true, "ordered_point_groups": [false, false], "ordered_plane": true, "other_plane_points": [[2, 4, 3, 5], [0, 4, 1, 5]], "multiplicity": 3, "point_groups": [[4], [5]], "@class": "SeparationPlane", "minimum_number_of_points": 2, "explicit_permutations": [[0, 1, 2, 3, 4, 5]]}, {"explicit_optimized_permutations": [[0, 1, 2, 3, 4, 5], [0, 1, 2, 4, 5, 3]], "@module": "pymatgen.analysis.chemenv.coordination_environments.coordination_geometries", "plane_points": [0, 2, 4], "point_groups_permutations": null, "mirror_plane": false, "ordered_point_groups": [false, true], "ordered_plane": true, "other_plane_points": [[2, 1, 4], [1, 3, 4], [3, 0, 4], [0, 2, 5], [2, 1, 5], [1, 3, 5], [3, 0, 5]], "multiplicity": 8, "point_groups": [[], [5, 1, 3]], "@class": "SeparationPlane", "minimum_number_of_points": 2, "explicit_permutations": [[0, 1, 2, 3, 4, 5], [0, 1, 2, 3, 5, 4], [0, 1, 2, 4, 3, 5], [0, 1, 2, 4, 5, 3], [0, 1, 2, 5, 3, 4], [0, 1, 2, 5, 4, 3]]}], "mp_symbol": "O:6", "equivalent_indices": [[0, 1, 2, 3, 4, 5], [0, 1, 2, 3, 5, 4], [0, 1, 3, 2, 4, 5], [0, 1, 3, 2, 5, 4], [0, 1, 4, 5, 2, 3], [0, 1, 4, 5, 3, 2], [0, 1, 5, 4, 2, 3], [0, 1, 5, 4, 3, 2], [1, 0, 2, 3, 4, 5], [1, 0, 2, 3, 5, 4], [1, 0, 3, 2, 4, 5], [1, 0, 3, 2, 5, 4], [1, 0, 4, 5, 2, 3], [1, 0, 4, 5, 3, 2], [1, 0, 5, 4, 2, 3], [1, 0, 5, 4, 3, 2], [2, 3, 0, 1, 4, 5], [2, 3, 0, 1, 5, 4], [2, 3, 1, 0, 4, 5], [2, 3, 1, 0, 5, 4], [2, 3, 4, 5, 0, 1], [2, 3, 4, 5, 1, 0], [2, 3, 5, 4, 0, 1], [2, 3, 5, 4, 1, 0], [3, 2, 0, 1, 4, 5], [3, 2, 0, 1, 5, 4], [3, 2, 1, 0, 4, 5], [3, 2, 1, 0, 5, 4], [3, 2, 4, 5, 0, 1], [3, 2, 4, 5, 1, 0], [3, 2, 5, 4, 0, 1], [3, 2, 5, 4, 1, 0], [4, 5, 0, 1, 2, 3], [4, 5, 0, 1, 3, 2], [4, 5, 1, 0, 2, 3], [4, 5, 1, 0, 3, 2], [4, 5, 2, 3, 0, 1], [4, 5, 2, 3, 1, 0], [4, 5, 3, 2, 0, 1], [4, 5, 3, 2, 1, 0], [5, 4, 0, 1, 2, 3], [5, 4, 0, 1, 3, 2], [5, 4, 1, 0, 2, 3], [5, 4, 1, 0, 3, 2], [5, 4, 2, 3, 0, 1], [5, 4, 2, 3, 1, 0], [5, 4, 3, 2, 0, 1], [5, 4, 3, 2, 1, 0]], "coordination": 6, "_faces": [[0, 2, 4], [0, 2, 5], [0, 3, 4], [0, 3, 5], [1, 2, 4], [1, 2, 5], [1, 3, 4], [1, 3, 5]], "IUCr_symbol": "[6o]", "solid_angles": [2.0943951023931953, 2.0943951023931953, 2.0943951023931953, 2.0943951023931953, 2.0943951023931953, 2.0943951023931953], "name": "Octahedron", "deactivate": false, "central_site": [0.0, 0.0, 0.0], "_edges": [[0, 2], [0, 3], [0, 4], [0, 5], [1, 2], [1, 3], [1, 4], [1, 5], [2, 4], [2, 5], [3, 4], [3, 5]], "points": [[0.0, 0.0, 1.0], [0.0, 0.0, -1.0], [1.0, 0.0, 0.0], [-1.0, 0.0, 0.0], [0.0, 1.0, 0.0], [0.0, -1.0, 0.0]], "alternative_names": ["Square dipyramid", "Square bipyramid", "Triangular antiprism", "Trigonal antiprism"]}