{"IUPAC_symbol": "SAPR-8", "_algorithms": [{"explicit_optimized_permutations": [[0, 1, 2, 3, 4, 5, 6, 7], [0, 1, 2, 3, 5, 6, 7, 4]], "@module": "pymatgen.analysis.chemenv.coordination_environments.coordination_geometries", "plane_points": [0, 2, 1, 3], "point_groups_permutations": null, "mirror_plane": false, "ordered_point_groups": [false, true], "ordered_plane": true, "other_plane_points": [[4, 6, 7, 5]], "multiplicity": 2, "point_groups": [[], [4, 5, 7, 6]], "@class": "SeparationPlane", "minimum_number_of_points": 3, "explicit_permutations": [[0, 1, 2, 3, 4, 5, 6, 7], [0, 1, 2, 3, 4, 7, 6, 5], [0, 1, 2, 3, 5, 4, 7, 6], [0, 1, 2, 3, 5, 6, 7, 4], [0, 1, 2, 3, 6, 5, 4, 7], [0, 1, 2, 3, 6, 7, 4, 5], [0, 1, 2, 3, 7, 4, 5, 6], [0, 1, 2, 3, 7, 6, 5, 4]]}, {"explicit_optimized_permutations": [[0, 3, 4, 1, 2, 6, 7, 5], [0, 4, 1, 2, 3, 7, 5, 6], [0, 1, 2, 3, 4, 5, 6, 7], [0, 2, 3, 4, 1, 5, 6, 7], [0, 2, 3, 4, 1, 6, 7, 5], [0, 1, 2, 3, 4, 7, 5, 6], [0, 3, 4, 1, 2, 7, 5, 6]], "@module": "pymatgen.analysis.chemenv.coordination_environments.coordination_geometries", "plane_points": [0, 2, 5, 6], "point_groups_permutations": null, "mirror_plane": false, "ordered_point_groups": [false, true], "ordered_plane": true, "other_plane_points": [[2, 1, 7, 4], [1, 3, 6, 5], [3, 0, 4, 7], [6, 4, 2, 3], [4, 5, 1, 0], [5, 7, 3, 2], [7, 6, 0, 1]], "multiplicity": 8, "point_groups": [[4], [3, 1, 7]], "@class": "SeparationPlane", "minimum_number_of_points": 3, "explicit_permutations": [[0, 1, 2, 3, 4, 5, 6, 7], [0, 1, 2, 3, 4, 5, 7, 6], [0, 1, 2, 3, 4, 6, 5, 7], [0, 1, 2, 3, 4, 6, 7, 5], [0, 1, 2, 3, 4, 7, 5, 6], [0, 1, 2, 3, 4, 7, 6, 5], [0, 2, 3, 4, 1, 5, 6, 7], [0, 2, 3, 4, 1, 5, 7, 6], [0, 2, 3, 4, 1, 6, 5, 7], [0, 2, 3, 4, 1, 6, 7, 5], [0, 2, 3, 4, 1, 7, 5, 6], [0, 2, 3, 4, 1, 7, 6, 5], [0, 3, 4, 1, 2, 5, 6, 7], [0, 3, 4, 1, 2, 5, 7, 6], [0, 3, 4, 1, 2, 6, 5, 7], [0, 3, 4, 1, 2, 6, 7, 5], [0, 3, 4, 1, 2, 7, 5, 6], [0, 3, 4, 1, 2, 7, 6, 5], [0, 4, 1, 2, 3, 5, 6, 7], [0, 4, 1, 2, 3, 5, 7, 6], [0, 4, 1, 2, 3, 6, 5, 7], [0, 4, 1, 2, 3, 6, 7, 5], [0, 4, 1, 2, 3, 7, 5, 6], [0, 4, 1, 2, 3, 7, 6, 5]]}], "mp_symbol": "SA:8", "coordination": 8, "_faces": [[0, 2, 1, 3], [4, 5, 7, 6], [0, 4, 6], [1, 5, 7], [2, 4, 5], [3, 6, 7], [4, 0, 2], [5, 1, 2], [6, 0, 3], [7, 1, 3]], "IUCr_symbol": "[8acb]", "solid_angles": [1.5707963267948966, 1.5707963267948966, 1.5707963267948966, 1.5707963267948966, 1.5707963267948966, 1.5707963267948966, 1.5707963267948966, 1.5707963267948966], "name": "Square antiprism", "deactivate": false, "central_site": [0.0, 0.0, 0.0], "_edges": [[0, 2], [2, 1], [1, 3], [3, 0], [4, 5], [5, 7], [7, 6], [6, 4], [0, 4], [0, 6], [1, 5], [1, 7], [2, 4], [2, 5], [3, 6], [3, 7]], "points": [[0.0, 0.859532503769496, 0.5110810845293938], [0.0, -0.859532503769496, 0.5110810845293938], [0.859532503769496, 0.0, 0.5110810845293938], [-0.859532503769496, 0.0, 0.5110810845293938], [0.6077812620656623, 0.6077812620656623, -0.5110810845293938], [0.6077812620656623, -0.6077812620656623, -0.5110810845293938], [-0.6077812620656623, 0.6077812620656623, -0.5110810845293938], [-0.6077812620656623, -0.6077812620656623, -0.5110810845293938]], "alternative_names": ["Tetragonal antiprism", "Anticube"]}