{"lattice": {"a": 2.4700000000000006, "gamma": 120.00000000000001, "c": 6.8, "b": 2.47, "matrix": [[-1.2350000000000005, -2.139082747347564, -3.024877593893963e-16], [-1.2349999999999997, 2.139082747347564, 1.5124387969469814e-16], [0.0, 0.0, -6.8]], "volume": 35.928033824449685, "alpha": 90.0, "beta": 90.0}, "sites": [{"properties": {}, "abc": [0.6667, 0.33330000000000004, 0.75], "xyz": [-1.2350000000000003, -0.7131701879656775, -5.1], "species": [{"occu": 1.0, "element": "C", "oxidation_state": 0.0, "properties": {}}], "label": "C0+"}, {"properties": {}, "abc": [0.33329999999999993, 0.6667000000000001, 0.25], "xyz": [-1.2349999999999999, 0.7131701879656781, -1.7], "species": [{"occu": 1.0, "element": "C", "oxidation_state": 0.0, "properties": {}}], "label": "C0+"}, {"properties": {}, "abc": [0.0, 0.0, 0.75], "xyz": [0.0, 0.0, -5.1], "species": [{"occu": 1.0, "element": "C", "oxidation_state": 0.0, "properties": {}}], "label": "C0+"}, {"properties": {}, "abc": [0.0, 0.0, 0.25], "xyz": [0.0, 0.0, -1.7], "species": [{"occu": 1.0, "element": "C", "oxidation_state": 0.0, "properties": {}}], "label": "C0+"}], "@class": "Structure", "@module": "pymatgen.core.structure"}