{"@module": "pymatgen.core.structure", "@class": "Structure", "charge": null, "lattice": {"matrix": [[2.58063058, 0.0, -0.91239069], [-1.29031529, 2.23489164, -0.91239069], [0.0, 0.0, 2.73717207]], "a": 2.737172073807164, "b": 2.7371720737557492, "c": 2.73717207, "alpha": 109.47122060669534, "beta": 109.47122060631484, "gamma": 109.47122066304705, "volume": 15.786447515629305}, "sites": [{"species": [{"element": "He", "occu": 1}], "abc": [0.0, 0.0, 0.0], "xyz": [0.0, 0.0, 0.0], "label": "He", "properties": {"coordination_no": 10, "forces": [0.0, 0.0, 0.0]}}]}