{"lattice": {"a": 3.259762261269984, "gamma": 60.00000000000001, "c": 3.259762261269984, "b": 3.259762261269984, "matrix": [[-2.305, -2.305, 4.440892098500626e-16], [-2.305, 0.0, -2.3049999999999997], [1.4114054360173247e-16, -2.305, -2.305]], "volume": 24.493045250000005, "alpha": 60.00000000000001, "beta": 60.00000000000001}, "sites": [{"properties": {}, "abc": [0.25, 0.25, 0.2499999999999999], "xyz": [-1.1525, -1.1524999999999999, -1.1524999999999996], "species": [{"occu": 1.0, "element": "Li", "oxidation_state": 1.0, "properties": {}}], "label": "Li+"}, {"properties": {}, "abc": [0.7500000000000001, 0.75, 0.75], "xyz": [-3.4575000000000005, -3.4575000000000005, -3.4574999999999996], "species": [{"occu": 1.0, "element": "Li", "oxidation_state": 1.0, "properties": {}}], "label": "Li+"}, {"properties": {}, "abc": [0.0, 0.0, 0.0], "xyz": [0.0, 0.0, 0.0], "species": [{"occu": 1.0, "element": "O", "oxidation_state": -2.0, "properties": {}}], "label": "O2-"}], "@class": "Structure", "@module": "pymatgen.core.structure"}