{"@module": "pymatgen.core.structure", "@class": "Structure", "lattice": {"matrix": [[2.91738857, 0.09789437, 1.52000466], [0.96463406, 2.75503561, 1.52000466], [0.13320635, 0.09789443, 3.28691771]], "a": 3.291071792359756, "b": 3.291071899625086, "c": 3.2910720568557887, "alpha": 60.12971043288485, "beta": 60.12970952137675, "gamma": 60.12970313039097, "volume": 25.279668381289056}, "sites": [{"species": [{"element": "O", "oxidation_state": -2, "occu": 1}], "abc": [0.0, 0.0, 0.0], "xyz": [0.0, 0.0, 0.0], "label": "O2-", "properties": {"coordination_no": 8, "forces": [0.0, 0.0, 0.0]}}, {"species": [{"element": "Li", "oxidation_state": 1, "occu": 1}], "abc": [0.75017829, 0.75017829, 0.75017829], "xyz": [3.0121376101748445, 2.213644409984059, 4.746323300320179], "label": "Li+", "properties": {"coordination_no": 8, "forces": [-0.00549917, -0.00404139, -0.00866522]}}, {"species": [{"element": "Li", "oxidation_state": 1, "occu": 1}], "abc": [0.24982171, 0.24982171, 0.24982171], "xyz": [1.0030913698251558, 0.7371800000159412, 1.5806037296798212], "label": "Li+", "properties": {"coordination_no": 8, "forces": [0.00549917, 0.00404139, 0.00866522]}}]}