{"lattice": {"a": 3.8401979337, "gamma": 60.0000091373222, "c": 3.8401979337177736, "b": 3.840198994344244, "matrix": [[3.8401979337, 0.0, 0.0], [1.9200989668, 3.3257101909, 0.0], [0.0, -2.2171384943, 3.1355090603]], "volume": 40.04479464425159, "alpha": 119.99999086398421, "beta": 90.0}, "sites": [{"properties": {}, "abc": [0.0, 0.0, 0.0], "xyz": [0.0, 0.0, 0.0], "species": [{"occu": 1, "element": "Si"}], "label": "Si"}, {"properties": {}, "abc": [0.75, 0.5, 0.75], "xyz": [3.8401979336749994, 1.2247250003039056e-06, 2.351631795225], "species": [{"occu": 1, "element": "Si"}], "label": "Si"}], "@class": "Structure", "@module": "pymatgen.core.structure"}